<?xml version="1.0" encoding="UTF-8"?>
<project-private xmlns="http://www.netbeans.org/ns/project-private/1">
    <editor-bookmarks xmlns="http://www.netbeans.org/ns/editor-bookmarks/2" lastBookmarkId="1"/>
    <open-files xmlns="http://www.netbeans.org/ns/projectui-open-files/2">
        <group>
            <file>file:/Users/Massas/NetBeansProjects/TrabalhoPratico/src/trabalhopratico/TrabalhoPratico.java</file>
            <file>file:/Users/Massas/NetBeansProjects/TrabalhoPratico/PracticalWork.csv</file>
        </group>
    </open-files>
</project-private>
